,age,fnlwgt,education-num,capital-gain,capital-loss,hours-per-week,workclass_Non-Private,workclass_Private,marital-status_Married,marital-status_Non-Married,occupation_Managerial-Specialist,occupation_Other,relationship_Husband,relationship_Non-Husband,race_Non-White,race_White,sex_Female,sex_Male,native-country_Non-US,native-country_US,income
0,0.30136986301369856,0.04413120765299046,0.8,0.021740217402174022,0.0,0.39795918367346933,0.0,0.0,1.0,1.0,1.0,0.0,0.0,1.0,0.0,1.0,0.0,1.0,0.0,1.0,1
1,0.4520547945205479,0.04805174157626436,0.8,0.0,0.0,0.12244897959183672,0.0,0.0,1.0,0.0,1.0,0.0,1.0,0.0,0.0,1.0,0.0,1.0,0.0,1.0,1
2,,,,,,,,,,,,,,,,,,,,,0
3,0.4931506849315069,0.1504862612178349,0.4,0.0015024150241502415,0.0,0.39795918367346933,0.0,0.0,1.0,0.0,0.0,1.0,1.0,0.0,0.0,0.0,0.0,1.0,0.0,1.0,1
4,0.1506849315068493,0.2206350656072092,0.8,0.0015024150241502415,0.0,0.39795918367346933,0.0,1.0,1.0,0.0,1.0,0.0,0.0,1.0,1.0,0.0,1.0,0.0,1.0,0.0,1
5,,,,,,,,,,,,,,,,,,,,,0
6,,,,,,,,,,,,,,,,,,,,,0
7,0.4794520547945205,0.13351938110363537,0.5333333333333333,0.0,0.0,0.44897959183673464,0.0,0.0,1.0,0.0,1.0,0.0,1.0,0.0,0.0,1.0,0.0,1.0,0.0,1.0,1
8,,,,,,,,,,,,,,,,,,,,,0
9,,,,,,,,,,,,,,,,,,,,,0
10,,,,,,,,,,,,,,,,,,,,,0
11,0.1780821917808219,0.08728143615347926,0.8,0.0,0.0,0.39795918367346933,1.0,0.0,1.0,0.0,1.0,0.0,1.0,0.0,1.0,0.0,0.0,1.0,0.0,0.0,1
12,0.0821917808219178,0.07441031313531085,0.8,0.0015024150241502415,0.0,0.2959183673469387,0.0,1.0,1.0,0.0,1.0,0.0,0.0,1.0,0.0,1.0,1.0,0.0,0.0,1.0,1
13,,,,,,,,,,,,,,,,,,,,,0
14,0.3150684931506849,0.07407204446203441,0.6666666666666666,0.0,0.0,0.39795918367346933,0.0,1.0,1.0,0.0,0.0,1.0,1.0,0.0,0.0,0.0,0.0,1.0,0.0,1.0,1
15,,,,,,,,,,,,,,,,,,,,,0
16,,,,,,,,,,,,,,,,,,,,,0
17,,,,,,,,,,,,,,,,,,,,,0
18,0.2876712328767123,0.011231873027470798,0.4,0.0,0.0,0.5,0.0,1.0,1.0,0.0,0.0,1.0,1.0,0.0,0.0,0.0,0.0,1.0,0.0,0.0,1
19,0.35616438356164376,0.18935603792668365,0.8666666666666667,0.0,0.0,0.44897959183673464,1.0,0.0,1.0,1.0,1.0,0.0,0.0,1.0,0.0,1.0,1.0,0.0,0.0,1.0,1
20,,,,,,,,,,,,,,,,,,,,,0
21,,,,,,,,,,,,,,,,,,,,,0
22,,,,,,,,,,,,,,,,,,,,,0
23,0.35616438356164376,0.07086864012610655,0.4,0.0,0.4687786960514233,0.39795918367346933,0.0,0.0,1.0,0.0,0.0,1.0,1.0,0.0,0.0,1.0,0.0,1.0,0.0,1.0,1
24,,,,,,,,,,,,,,,,,,,,,0
25,0.5342465753424657,0.13839653883493505,0.8006666666666657,0.0015024150241502415,0.0,0.39795918367346933,1.0,0.0,1.0,0.0,0.0,1.0,1.0,0.0,0.0,1.0,0.0,1.0,0.0,1.0,1
26,,,,,,,,,,,,,,,,,,,,,0
27,0.5068493150684932,0.11360821045723776,0.6,0.0,0.0,0.6020408163265305,0.0,1.0,1.0,0.0,0.0,1.0,1.0,0.0,1.0,0.0,0.0,1.0,0.0,0.0,1
28,,,,,,,,,,,,,,,,,,,,,0
29,0.4383561643835617,0.12250805925114082,0.5333333333333333,0.0,0.0,0.39795918367346933,0.0,1.0,1.0,0.0,1.0,1.0,1.0,0.0,0.0,0.0,0.0,1.0,0.0,1.0,1
30,,,,,,,,,,,,,,,,,,,,,0
31,,,,,,,,,,,,,,,,,,,,,0
32,0.3835616438356165,0.25346809957276667,0.8,0.0,0.3232323232323232,0.39795918367346933,0.0,1.0,1.0,1.0,1.0,0.0,0.0,1.0,0.0,1.0,0.0,1.0,0.0,1.0,1
33,0.1780821917808219,0.03224782916078925,0.6,0.0,0.0,0.39795918367346933,0.0,0.0,1.0,0.0,1.0,0.0,0.0,1.0,0.0,0.0,0.0,1.0,0.0,1.0,1
34,,,,,,,,,,,,,,,,,,,,,0
35,,,,,,,,,,,,,,,,,,,,,0
36,,,,,,,,,,,,,,,,,,,,,0
37,0.0273972602739726,0.3597866201208972,0.5406666666666662,0.0015024150241502415,0.0,0.24489795918367346,0.0,1.0,1.0,0.0,1.0,0.0,0.0,1.0,0.0,1.0,1.0,0.0,0.0,0.0,1
38,0.1917808219178082,0.04862206255940843,0.6,0.0,0.0,0.37755102040816324,0.0,1.0,1.0,0.0,0.0,0.0,1.0,0.0,0.0,1.0,0.0,1.0,0.0,0.0,1
39,,,,,,,,,,,,,,,,,,,,,0
40,0.1917808219178082,0.3352851435781383,0.27199999999999985,0.0015024150241502415,0.00459366391184573,0.42857142857142855,0.0,1.0,1.0,0.0,1.0,0.0,1.0,0.0,0.0,0.0,0.0,1.0,0.0,0.0,1
41,,,,,,,,,,,,,,,,,,,,,0
42,0.0958904109589041,0.1087209046657398,0.8,0.0,0.0,0.5,0.0,1.0,1.0,0.0,0.0,0.0,1.0,0.0,0.0,1.0,0.0,1.0,0.0,1.0,1
43,,,,,,,,,,,,,,,,,,,,,0
44,,,,,,,,,,,,,,,,,,,,,0
45,,,,,,,,,,,,,,,,,,,,,0
46,0.4931506849315069,0.08935434658331726,0.5406666666666662,0.0,0.0,0.37755102040816324,0.0,0.0,1.0,0.0,1.0,0.0,1.0,0.0,0.0,1.0,0.0,1.0,0.0,1.0,1
47,0.3698630136986301,0.07852501327704542,0.8666666666666667,0.0,0.0,0.39795918367346933,0.0,1.0,1.0,1.0,1.0,0.0,1.0,1.0,0.0,1.0,1.0,0.0,0.0,1.0,1
48,0.32876712328767127,0.06042696271940952,0.6666666666666666,0.0015024150241502415,0.0,0.39795918367346933,1.0,0.0,1.0,0.0,0.0,1.0,1.0,0.0,0.0,1.0,0.0,1.0,0.0,0.0,1
49,,,,,,,,,,,,,,,,,,,,,0
50,0.1095890410958904,0.013523981557591934,0.6,0.0,0.0,0.39795918367346933,0.0,1.0,1.0,0.0,1.0,0.0,0.0,1.0,0.0,0.0,1.0,0.0,0.0,1.0,1
51,,,,,,,,,,,,,,,,,,,,,0
52,,,,,,,,,,,,,,,,,,,,,0
53,0.4520547945205479,0.16189538703010253,0.8,0.0015024150241502415,0.0,0.5563265306122452,1.0,0.0,0.0,0.0,1.0,0.0,0.0,1.0,0.0,1.0,0.0,1.0,0.0,1.0,1
54,,,,,,,,,,,,,,,,,,,,,0
55,0.35616438356164376,0.15269989141575588,0.6,0.0,0.0,0.39795918367346933,0.0,1.0,1.0,0.0,0.0,1.0,1.0,0.0,0.0,0.0,0.0,1.0,0.0,1.0,1
56,0.3972602739726027,0.13827137942582277,0.13333333333333336,0.0,0.0,0.39795918367346933,0.0,0.0,1.0,0.0,1.0,0.0,1.0,0.0,0.0,0.0,0.0,1.0,0.0,0.0,1
57,0.2465753424657534,0.029812971250545453,0.6666666666666666,0.0,0.0,0.39795918367346933,0.0,1.0,1.0,0.0,0.0,1.0,1.0,0.0,0.0,1.0,0.0,1.0,0.0,0.0,1
58,0.32876712328767127,0.09139140053378796,0.5406666666666662,0.0015024150241502415,0.0,0.47959183673469385,0.0,0.0,1.0,0.0,1.0,0.0,1.0,0.0,0.0,1.0,0.0,1.0,0.0,1.0,1
59,,,,,,,,,,,,,,,,,,,,,0
60,,,,,,,,,,,,,,,,,,,,,0
61,,,,,,,,,,,,,,,,,,,,,0
62,0.4246575342465753,0.09292578723576987,0.5333333333333333,0.0,0.0,0.39795918367346933,0.0,1.0,1.0,0.0,1.0,1.0,1.0,0.0,0.0,0.0,0.0,1.0,0.0,1.0,1
63,,,,,,,,,,,,,,,,,,,,,0
64,,,,,,,,,,,,,,,,,,,,,0
65,0.2602739726027397,0.09691532796839217,0.5333333333333333,0.0,0.0,0.39795918367346933,0.0,0.0,1.0,0.0,0.0,1.0,1.0,0.0,0.0,0.0,0.0,1.0,0.0,1.0,1
66,,,,,,,,,,,,,,,,,,,,,0
67,0.4931506849315069,0.10659590086021724,0.5333333333333333,0.0,0.0,0.39795918367346933,0.0,1.0,1.0,0.0,1.0,0.0,1.0,1.0,0.0,1.0,1.0,0.0,0.0,1.0,1
68,0.4383561643835617,0.12136809382219922,0.6,0.0,0.0,0.5,0.0,0.0,1.0,0.0,1.0,0.0,1.0,0.0,0.0,1.0,0.0,1.0,0.0,1.0,1
69,,,,,,,,,,,,,,,,,,,,,0
70,,,,,,,,,,,,,,,,,,,,,0
71,,,,,,,,,,,,,,,,,,,,,0
72,0.1643835616438356,0.10148939696843615,0.8,0.0,0.0,0.7040816326530611,0.0,0.0,1.0,0.0,0.0,1.0,1.0,0.0,0.0,1.0,0.0,1.0,0.0,1.0,1
73,,,,,,,,,,,,,,,,,,,,,0
74,0.8493150684931505,0.07608271345598955,0.6,0.0,0.0,0.19387755102040813,0.0,0.0,1.0,0.0,1.0,0.0,0.0,1.0,0.0,1.0,0.0,1.0,0.0,1.0,1
75,,,,,,,,,,,,,,,,,,,,,0
76,0.3150684931506849,0.016593732152099125,0.7399999999999993,0.0,0.0,0.40204081632653077,0.0,1.0,1.0,0.0,1.0,0.0,1.0,0.0,0.0,1.0,0.0,1.0,0.0,1.0,1
77,0.6849315068493149,0.13562814801284068,0.33333333333333337,0.0,0.0,0.07142857142857142,0.0,1.0,1.0,0.0,1.0,0.0,1.0,0.0,0.0,0.0,0.0,1.0,0.0,0.0,1
78,,,,,,,,,,,,,,,,,,,,,0
79,,,,,,,,,,,,,,,,,,,,,0
80,,,,,,,,,,,,,,,,,,,,,0
81,0.4794520547945205,0.17876146307966567,0.8006666666666657,0.0015024150241502415,0.00459366391184573,0.39795918367346933,0.0,1.0,1.0,0.0,0.0,1.0,1.0,0.0,0.0,1.0,0.0,1.0,1.0,0.0,1
82,0.3972602739726027,0.026610243451964152,0.5333333333333333,0.0,0.0,0.39795918367346933,0.0,0.0,1.0,0.0,0.0,0.0,0.0,1.0,0.0,1.0,1.0,0.0,0.0,1.0,1
83,0.5753424657534245,0.1014340708266948,0.5406666666666662,0.0,0.0,0.4828571428571431,0.0,0.0,1.0,0.0,0.0,1.0,1.0,0.0,0.0,1.0,0.0,1.0,0.0,1.0,1
84,,,,,,,,,,,,,,,,,,,,,0
85,,,,,,,,,,,,,,,,,,,,,0
86,0.4383561643835617,0.17315905731286133,0.5406666666666662,0.0,0.0,0.40204081632653077,0.0,0.0,1.0,0.0,0.0,0.0,1.0,0.0,0.0,1.0,0.0,1.0,0.0,1.0,1
87,,,,,,,,,,,,,,,,,,,,,0
88,,,,,,,,,,,,,,,,,,,,,0
89,0.35616438356164376,0.2696556086637372,1.0,0.0,0.0,0.5,1.0,0.0,1.0,1.0,1.0,0.0,0.0,1.0,0.0,1.0,1.0,0.0,0.0,1.0,1
90,,,,,,,,,,,,,,,,,,,,,0
91,,,,,,,,,,,,,,,,,,,,,0
92,,,,,,,,,,,,,,,,,,,,,0
93,0.1780821917808219,0.0713489816421591,0.5333333333333333,0.0,0.3611111111111111,0.346938775510204,0.0,1.0,1.0,0.0,0.0,1.0,1.0,1.0,0.0,0.0,1.0,0.0,0.0,1.0,1
94,0.2328767123287671,0.14478643407312694,0.8,0.0,0.0,0.39795918367346933,0.0,0.0,1.0,0.0,0.0,1.0,1.0,0.0,0.0,1.0,0.0,1.0,0.0,1.0,1
95,,,,,,,,,,,,,,,,,,,,,0
96,,,,,,,,,,,,,,,,,,,,,0
97,0.27397260273972607,0.12881135770897395,0.6,0.0,0.0,0.47959183673469385,0.0,1.0,1.0,0.0,0.0,1.0,1.0,0.0,0.0,0.0,0.0,1.0,0.0,1.0,1
98,0.4246575342465753,0.10744089600606177,0.7333333333333334,0.0,0.0,0.39795918367346933,0.0,1.0,1.0,1.0,1.0,0.0,0.0,1.0,0.0,1.0,1.0,0.0,0.0,0.0,1
99,,,,,,,,,,,,,,,,,,,,,0
100,,,,,,,,,,,,,,,,,,,,,0
101,,,,,,,,,,,,,,,,,,,,,0
102,0.41095890410958896,0.09257128166617618,0.8666666666666667,0.0,0.0,0.5,1.0,0.0,1.0,1.0,1.0,0.0,0.0,1.0,0.0,1.0,1.0,0.0,0.0,1.0,1
103,,,,,,,,,,,,,,,,,,,,,0
104,,,,,,,,,,,,,,,,,,,,,0
105,,,,,,,,,,,,,,,,,,,,,0
106,,,,,,,,,,,,,,,,,,,,,0
107,,,,,,,,,,,,,,,,,,,,,0
108,,,,,,,,,,,,,,,,,,,,,0
109,0.3424657534246575,0.0760475335139688,0.5406666666666662,0.0015024150241502415,0.0,0.39795918367346933,0.0,1.0,1.0,0.0,1.0,1.0,1.0,0.0,0.0,0.0,0.0,1.0,0.0,1.0,1
110,,,,,,,,,,,,,,,,,,,,,0
111,,,,,,,,,,,,,,,,,,,,,0
112,,,,,,,,,,,,,,,,,,,,,0
113,0.1506849315068493,0.24733122930218557,0.6,0.04064040640406404,0.0,0.24489795918367346,0.0,1.0,1.0,0.0,0.0,1.0,1.0,1.0,0.0,1.0,1.0,0.0,0.0,1.0,1
114,,,,,,,,,,,,,,,,,,,,,0
115,0.4931506849315069,0.0563975062833406,0.27199999999999985,0.0,0.0,0.5,0.0,1.0,1.0,0.0,0.0,1.0,1.0,0.0,0.0,0.0,0.0,1.0,0.0,0.0,1
116,0.5342465753424657,0.19674044306430827,0.6,0.0,0.0,0.5,0.0,0.0,1.0,0.0,0.0,1.0,1.0,0.0,0.0,1.0,0.0,1.0,0.0,1.0,1
117,0.4383561643835617,0.12521759132408508,0.6666666666666666,0.0,0.0,0.39795918367346933,1.0,0.0,1.0,0.0,0.0,1.0,1.0,0.0,0.0,0.0,0.0,1.0,0.0,1.0,1
118,0.5205479452054793,0.1591669119114548,0.6,0.0,0.0,0.5612244897959183,0.0,1.0,1.0,0.0,0.0,0.0,1.0,0.0,0.0,1.0,0.0,1.0,0.0,1.0,1
119,,,,,,,,,,,,,,,,,,,,,0
120,,,,,,,,,,,,,,,,,,,,,0
121,,,,,,,,,,,,,,,,,,,,,0
122,,,,,,,,,,,,,,,,,,,,,0
123,,,,,,,,,,,,,,,,,,,,,0
124,,,,,,,,,,,,,,,,,,,,,0
125,,,,,,,,,,,,,,,,,,,,,0
126,,,,,,,,,,,,,,,,,,,,,0
127,0.1917808219178082,0.06944791169834552,0.7333333333333334,0.0,0.0,0.39795918367346933,0.0,0.0,1.0,0.0,1.0,0.0,1.0,0.0,0.0,1.0,0.0,1.0,0.0,1.0,1
128,0.2465753424657534,0.0791684002936172,0.5333333333333333,0.0,0.0,0.39795918367346933,0.0,1.0,1.0,0.0,1.0,0.0,1.0,0.0,0.0,0.0,0.0,1.0,0.0,1.0,1
129,,,,,,,,,,,,,,,,,,,,,0
130,,,,,,,,,,,,,,,,,,,,,0
131,,,,,,,,,,,,,,,,,,,,,0
132,0.2876712328767123,0.0735396095702973,0.5333333333333333,0.04386043860438604,0.0,0.346938775510204,0.0,0.0,1.0,0.0,0.0,1.0,1.0,0.0,0.0,1.0,0.0,1.0,0.0,1.0,1
133,,,,,,,,,,,,,,,,,,,,,0
134,,,,,,,,,,,,,,,,,,,,,0
135,,,,,,,,,,,,,,,,,,,,,0
136,0.35616438356164376,0.030197244463387486,0.5333333333333333,0.0,0.0,0.6020408163265305,0.0,0.0,1.0,0.0,0.0,0.0,1.0,0.0,0.0,1.0,0.0,1.0,0.0,1.0,1
137,0.136986301369863,0.10205024642872848,0.6666666666666666,0.0015024150241502415,0.0,0.346938775510204,0.0,1.0,1.0,0.0,1.0,0.0,1.0,1.0,0.0,1.0,1.0,0.0,0.0,1.0,1
138,,,,,,,,,,,,,,,,,,,,,0
139,0.4383561643835617,0.04714653460657662,0.6,0.0,0.0,0.39795918367346933,0.0,1.0,1.0,0.0,0.0,1.0,1.0,0.0,0.0,0.0,0.0,1.0,0.0,1.0,1
140,0.6027397260273972,0.03675559750087104,0.5333333333333333,0.0,0.0,0.39795918367346933,0.0,0.0,1.0,0.0,0.0,0.0,1.0,0.0,0.0,1.0,0.0,1.0,0.0,1.0,1
141,,,,,,,,,,,,,,,,,,,,,0
142,,,,,,,,,,,,,,,,,,,,,0
143,0.3835616438356165,0.12468515643234794,0.6666666666666666,0.0,0.3590449954086318,0.39795918367346933,0.0,1.0,1.0,1.0,1.0,0.0,1.0,1.0,0.0,1.0,1.0,0.0,0.0,1.0,1
144,,,,,,,,,,,,,,,,,,,,,0
145,,,,,,,,,,,,,,,,,,,,,0
146,,,,,,,,,,,,,,,,,,,,,0
147,,,,,,,,,,,,,,,,,,,,,0
148,0.6438356164383561,0.11429895508806824,0.4,0.0015024150241502415,0.5002295684113865,0.39795918367346933,0.0,1.0,1.0,0.0,0.0,1.0,1.0,0.0,0.0,1.0,0.0,1.0,0.0,1.0,1
149,,,,,,,,,,,,,,,,,,,,,0
150,0.41095890410958896,0.11753077399255131,0.6,0.0,0.0,0.37755102040816324,1.0,0.0,1.0,1.0,1.0,0.0,0.0,1.0,0.0,1.0,1.0,0.0,0.0,0.0,1
151,,,,,,,,,,,,,,,,,,,,,0
152,0.2191780821917808,0.10196635579775593,0.8,0.0,0.0,0.39795918367346933,0.0,1.0,1.0,1.0,1.0,0.0,0.0,1.0,1.0,0.0,1.0,0.0,0.0,0.0,1
153,,,,,,,,,,,,,,,,,,,,,0
154,,,,,,,,,,,,,,,,,,,,,0
155,0.4246575342465753,0.11868494670577052,0.5406666666666662,0.0015024150241502415,0.0,0.4591836734693877,0.0,1.0,1.0,0.0,0.0,1.0,1.0,0.0,0.0,0.0,0.0,1.0,0.0,1.0,1
156,,,,,,,,,,,,,,,,,,,,,0
157,,,,,,,,,,,,,,,,,,,,,0
158,,,,,,,,,,,,,,,,,,,,,0
159,0.3424657534246575,0.14624775474168114,0.8,0.0,0.0,0.5,0.0,1.0,0.0,0.0,0.0,1.0,0.0,1.0,0.0,0.0,0.0,1.0,0.0,1.0,1
160,,,,,,,,,,,,,,,,,,,,,0
161,,,,,,,,,,,,,,,,,,,,,0
162,0.3698630136986301,0.044711676696332824,0.8666666666666667,0.0,0.0,0.39795918367346933,1.0,0.0,1.0,1.0,1.0,0.0,0.0,1.0,0.0,0.0,1.0,0.0,0.0,1.0,1
163,,,,,,,,,,,,,,,,,,,,,0
164,0.3835616438356165,0.12772686834244967,0.8666666666666667,0.0015024150241502415,0.0,0.39795918367346933,1.0,0.0,1.0,0.0,0.0,1.0,1.0,0.0,0.0,1.0,0.0,1.0,0.0,1.0,1
165,,,,,,,,,,,,,,,,,,,,,0
166,,,,,,,,,,,,,,,,,,,,,0
167,0.3972602739726027,0.061120413499626214,0.8666666666666667,0.0,0.0,0.39795918367346933,0.0,0.0,0.0,0.0,0.0,1.0,0.0,1.0,0.0,1.0,0.0,1.0,0.0,1.0,1
168,,,,,,,,,,,,,,,,,,,,,0
169,0.6712328767123288,0.028780575259705773,0.6666666666666666,0.0,0.0,0.19387755102040813,1.0,0.0,1.0,0.0,1.0,0.0,0.0,1.0,0.0,1.0,1.0,0.0,0.0,1.0,1
170,,,,,,,,,,,,,,,,,,,,,0
171,,,,,,,,,,,,,,,,,,,,,0
172,,,,,,,,,,,,,,,,,,,,,0
173,,,,,,,,,,,,,,,,,,,,,0
174,,,,,,,,,,,,,,,,,,,,,0
175,,,,,,,,,,,,,,,,,,,,,0
176,,,,,,,,,,,,,,,,,,,,,0
177,,,,,,,,,,,,,,,,,,,,,0
178,,,,,,,,,,,,,,,,,,,,,0
179,,,,,,,,,,,,,,,,,,,,,0
180,0.3698630136986301,0.11437472727088216,0.6,0.0,0.0,0.37755102040816324,1.0,0.0,1.0,0.0,1.0,0.0,1.0,0.0,0.0,0.0,0.0,1.0,0.0,1.0,1
181,,,,,,,,,,,,,,,,,,,,,0
182,,,,,,,,,,,,,,,,,,,,,0
183,0.3150684931506849,0.18542873862994422,0.2,0.0,0.0,0.39795918367346933,0.0,0.0,1.0,0.0,1.0,0.0,1.0,0.0,0.0,0.0,0.0,1.0,0.0,0.0,1
184,0.27397260273972607,0.011344854764345129,0.6,0.0,0.0,0.4183673469387755,1.0,0.0,1.0,0.0,1.0,0.0,1.0,0.0,0.0,0.0,0.0,1.0,0.0,1.0,1
185,0.2328767123287671,0.19737638817006797,0.5333333333333333,0.0,0.0,0.39795918367346933,0.0,1.0,1.0,0.0,1.0,0.0,1.0,0.0,0.0,0.0,0.0,1.0,0.0,1.0,1
186,0.32876712328767127,0.08852085257236413,0.8,0.0,0.0,0.39795918367346933,0.0,0.0,1.0,1.0,1.0,0.0,0.0,1.0,0.0,1.0,1.0,0.0,0.0,1.0,1
187,0.4931506849315069,0.08309231690362387,0.8,0.0,0.0,0.5,1.0,0.0,1.0,1.0,1.0,0.0,0.0,1.0,0.0,1.0,1.0,0.0,0.0,1.0,1
188,,,,,,,,,,,,,,,,,,,,,0
189,,,,,,,,,,,,,,,,,,,,,0
190,,,,,,,,,,,,,,,,,,,,,0
191,0.0958904109589041,0.09964177347500025,0.6,0.0,0.0,0.39795918367346933,0.0,1.0,1.0,0.0,1.0,0.0,1.0,0.0,0.0,0.0,0.0,1.0,0.0,1.0,1
192,0.32876712328767127,0.34613341993011365,0.8,0.0,0.0,0.39795918367346933,1.0,0.0,1.0,0.0,0.0,1.0,1.0,0.0,0.0,0.0,0.0,1.0,0.0,1.0,1
193,0.41095890410958896,0.07350848885235586,0.6,0.0,0.0,0.44897959183673464,0.0,1.0,1.0,0.0,0.0,1.0,1.0,0.0,0.0,0.0,0.0,1.0,0.0,1.0,1
194,0.32876712328767127,0.08015276213285163,0.8,0.0,0.0,0.2346938775510204,0.0,0.0,1.0,0.0,0.0,1.0,1.0,0.0,0.0,1.0,0.0,1.0,0.0,1.0,1
195,,,,,,,,,,,,,,,,,,,,,0
196,,,,,,,,,,,,,,,,,,,,,0
197,,,,,,,,,,,,,,,,,,,,,0
198,,,,,,,,,,,,,,,,,,,,,0
199,,,,,,,,,,,,,,,,,,,,,0
200,0.1232876712328767,0.26048852761794583,0.8666666666666667,0.0,0.43067033976124885,0.39795918367346933,0.0,1.0,1.0,1.0,1.0,0.0,0.0,1.0,0.0,1.0,1.0,0.0,0.0,1.0,1
201,,,,,,,,,,,,,,,,,,,,,0
202,,,,,,,,,,,,,,,,,,,,,0
203,0.3424657534246575,0.16408195573416143,0.6,0.0,0.3076216712580349,0.39795918367346933,0.0,0.0,1.0,1.0,1.0,0.0,0.0,1.0,0.0,1.0,1.0,0.0,0.0,1.0,1
204,,,,,,,,,,,,,,,,,,,,,0
205,,,,,,,,,,,,,,,,,,,,,0
206,,,,,,,,,,,,,,,,,,,,,0
207,,,,,,,,,,,,,,,,,,,,,0
208,,,,,,,,,,,,,,,,,,,,,0
209,,,,,,,,,,,,,,,,,,,,,0
210,0.3698630136986301,0.10057268886385701,0.5333333333333333,0.0,0.0,0.39795918367346933,0.0,0.0,1.0,0.0,0.0,1.0,1.0,0.0,0.0,0.0,0.0,1.0,0.0,1.0,1
211,0.27397260273972607,0.1326507071506615,0.5406666666666662,0.0,0.0,0.39795918367346933,0.0,1.0,1.0,0.0,0.0,0.0,1.0,0.0,0.0,1.0,0.0,1.0,0.0,0.0,1
212,,,,,,,,,,,,,,,,,,,,,0
213,0.5890410958904109,0.05248772159135115,0.5333333333333333,0.0,0.0,0.39795918367346933,0.0,1.0,1.0,0.0,0.0,1.0,1.0,0.0,0.0,0.0,0.0,1.0,0.0,1.0,1
214,0.5068493150684932,0.07653802309021963,0.2,0.0,0.0,0.39795918367346933,0.0,0.0,1.0,0.0,1.0,0.0,1.0,0.0,0.0,0.0,0.0,1.0,0.0,0.0,1
215,0.27397260273972607,0.4219076323560751,0.8,0.0,0.0,0.6020408163265305,0.0,1.0,0.0,1.0,1.0,0.0,1.0,1.0,0.0,0.0,0.0,1.0,0.0,1.0,1
216,0.4520547945205479,0.20366209665689072,0.7333333333333334,0.0,0.0,0.39795918367346933,0.0,1.0,1.0,0.0,0.0,1.0,0.0,1.0,0.0,1.0,1.0,0.0,0.0,1.0,1
217,0.2876712328767123,0.11523054701427154,0.8,0.0,0.0,0.5,0.0,1.0,1.0,0.0,0.0,1.0,1.0,0.0,0.0,1.0,0.0,1.0,0.0,0.0,1
218,,,,,,,,,,,,,,,,,,,,,0
219,,,,,,,,,,,,,,,,,,,,,0
220,0.1917808219178082,0.12554841808654943,0.6,0.0,0.0,0.39795918367346933,0.0,1.0,1.0,0.0,1.0,1.0,1.0,0.0,0.0,0.0,0.0,1.0,0.0,1.0,1
221,,,,,,,,,,,,,,,,,,,,,0
222,1.0,0.026695487157629816,0.5406666666666662,0.0,0.5064279155188246,0.39795918367346933,0.0,1.0,0.0,1.0,0.0,1.0,1.0,1.0,0.0,0.0,0.0,1.0,0.0,1.0,1
223,0.5068493150684932,0.11122003362390612,0.5333333333333333,0.0,0.0,0.19387755102040813,0.0,1.0,1.0,0.0,1.0,0.0,1.0,0.0,0.0,0.0,0.0,1.0,0.0,1.0,1
224,,,,,,,,,,,,,,,,,,,,,0
225,,,,,,,,,,,,,,,,,,,,,0
226,,,,,,,,,,,,,,,,,,,,,0
227,0.6712328767123288,0.10513525672900959,0.5333333333333333,0.014090140901409014,0.0,0.5,0.0,0.0,1.0,0.0,0.0,1.0,1.0,0.0,0.0,1.0,0.0,1.0,0.0,1.0,1
228,0.7945205479452053,0.20426286182062967,0.6666666666666666,0.0,0.0,0.19387755102040813,0.0,1.0,1.0,1.0,1.0,0.0,0.0,1.0,0.0,1.0,1.0,0.0,0.0,0.0,1
229,0.6575342465753424,0.1112978354187597,0.5333333333333333,0.0,0.0,0.39795918367346933,0.0,1.0,1.0,0.0,1.0,0.0,0.0,1.0,0.0,1.0,1.0,0.0,0.0,1.0,1
230,,,,,,,,,,,,,,,,,,,,,0
231,,,,,,,,,,,,,,,,,,,,,0
232,,,,,,,,,,,,,,,,,,,,,0
233,,,,,,,,,,,,,,,,,,,,,0
234,0.1506849315068493,0.043588624701055054,0.9333333333333333,0.0,0.0,0.5510204081632653,0.0,1.0,0.0,0.0,1.0,0.0,0.0,1.0,0.0,1.0,0.0,1.0,0.0,1.0,1
235,0.5753424657534245,0.17347432371635496,0.5333333333333333,0.0,0.0,0.39795918367346933,1.0,0.0,1.0,0.0,0.0,1.0,1.0,0.0,0.0,1.0,0.0,1.0,0.0,0.0,1
236,,,,,,,,,,,,,,,,,,,,,0
237,,,,,,,,,,,,,,,,,,,,,0
238,,,,,,,,,,,,,,,,,,,,,0
239,,,,,,,,,,,,,,,,,,,,,0
240,,,,,,,,,,,,,,,,,,,,,0
241,,,,,,,,,,,,,,,,,,,,,0
242,0.0958904109589041,0.17699570060516268,0.7333333333333334,0.0,0.0,0.5,0.0,0.0,1.0,0.0,0.0,1.0,1.0,0.0,0.0,1.0,0.0,1.0,0.0,1.0,1
243,,,,,,,,,,,,,,,,,,,,,0
244,,,,,,,,,,,,,,,,,,,,,0
245,0.5342465753424657,0.12941821170883186,0.5333333333333333,0.0,0.0,0.346938775510204,0.0,0.0,1.0,0.0,1.0,0.0,1.0,0.0,0.0,1.0,0.0,1.0,0.0,1.0,1
246,0.5616438356164384,0.15175476874262153,0.5333333333333333,0.0,0.0,0.44897959183673464,0.0,0.0,1.0,0.0,1.0,0.0,1.0,0.0,0.0,1.0,0.0,1.0,0.0,1.0,1
247,,,,,,,,,,,,,,,,,,,,,0
248,,,,,,,,,,,,,,,,,,,,,0
249,0.3835616438356165,0.0952943444860515,0.5333333333333333,0.0,0.0,0.39795918367346933,0.0,1.0,1.0,0.0,1.0,0.0,1.0,0.0,0.0,0.0,0.0,1.0,0.0,1.0,1
250,,,,,,,,,,,,,,,,,,,,,0
251,,,,,,,,,,,,,,,,,,,,,0
252,,,,,,,,,,,,,,,,,,,,,0
253,,,,,,,,,,,,,,,,,,,,,0
254,,,,,,,,,,,,,,,,,,,,,0
255,0.3424657534246575,0.19670932234636684,0.5333333333333333,0.0,0.0,0.39795918367346933,1.0,0.0,1.0,0.0,0.0,1.0,1.0,0.0,0.0,0.0,0.0,1.0,0.0,0.0,1
256,,,,,,,,,,,,,,,,,,,,,0
257,,,,,,,,,,,,,,,,,,,,,0
258,0.3835616438356165,0.11865179637578942,0.6666666666666666,0.0,0.0,0.44897959183673464,0.0,1.0,1.0,0.0,1.0,0.0,0.0,1.0,0.0,1.0,1.0,0.0,0.0,1.0,1
259,,,,,,,,,,,,,,,,,,,,,0
260,0.2602739726027397,0.09319775524908414,0.8,0.0,0.0,0.39795918367346933,0.0,1.0,1.0,0.0,1.0,0.0,0.0,1.0,0.0,1.0,1.0,0.0,0.0,1.0,1
261,0.3835616438356165,0.05805164009566238,0.5333333333333333,0.0,0.0,0.6020408163265305,0.0,1.0,1.0,0.0,0.0,1.0,1.0,0.0,0.0,0.0,0.0,1.0,0.0,1.0,1
262,,,,,,,,,,,,,,,,,,,,,0
263,,,,,,,,,,,,,,,,,,,,,0
264,,,,,,,,,,,,,,,,,,,,,0
265,0.27397260273972607,0.16575841527891944,0.6,0.0,0.0,0.7551020408163265,1.0,0.0,1.0,0.0,1.0,0.0,1.0,0.0,1.0,0.0,0.0,1.0,0.0,0.0,1
266,,,,,,,,,,,,,,,,,,,,,0
267,0.6438356164383561,0.006013740473508488,0.5333333333333333,0.0,0.0,0.39795918367346933,0.0,0.0,1.0,0.0,1.0,0.0,1.0,0.0,0.0,1.0,0.0,1.0,0.0,1.0,1
268,0.2191780821917808,0.11717288573622485,0.8006666666666657,0.0015024150241502415,0.0,0.44897959183673464,0.0,1.0,1.0,1.0,1.0,0.0,1.0,1.0,0.0,1.0,1.0,0.0,0.0,1.0,1
269,0.2191780821917808,0.14201871978837913,0.5406666666666662,0.0015024150241502415,0.0,0.39795918367346933,0.0,0.0,1.0,0.0,0.0,0.0,0.0,1.0,0.0,1.0,1.0,0.0,0.0,1.0,1
270,0.6027397260273972,0.03895637348920754,0.5333333333333333,0.0,0.0,0.39795918367346933,0.0,0.0,1.0,0.0,1.0,0.0,1.0,0.0,0.0,1.0,0.0,1.0,0.0,1.0,1
271,,,,,,,,,,,,,,,,,,,,,0
272,,,,,,,,,,,,,,,,,,,,,0
273,,,,,,,,,,,,,,,,,,,,,0
274,,,,,,,,,,,,,,,,,,,,,0
275,0.35616438356164376,0.31506208921497986,0.5333333333333333,0.0015024150241502415,0.0,0.39795918367346933,0.0,1.0,1.0,0.0,0.0,1.0,1.0,0.0,0.0,0.0,0.0,1.0,0.0,1.0,1
276,,,,,,,,,,,,,,,,,,,,,0
277,,,,,,,,,,,,,,,,,,,,,0
278,,,,,,,,,,,,,,,,,,,,,0
279,,,,,,,,,,,,,,,,,,,,,0
280,,,,,,,,,,,,,,,,,,,,,0
281,,,,,,,,,,,,,,,,,,,,,0
282,,,,,,,,,,,,,,,,,,,,,0
283,0.5890410958904109,0.10937917550393575,0.8,0.0,0.0,0.4183673469387755,0.0,1.0,1.0,1.0,1.0,0.0,0.0,1.0,0.0,1.0,1.0,0.0,0.0,1.0,1
284,,,,,,,,,,,,,,,,,,,,,0
285,,,,,,,,,,,,,,,,,,,,,0
286,,,,,,,,,,,,,,,,,,,,,0
287,,,,,,,,,,,,,,,,,,,,,0
288,0.1095890410958904,0.24335183662976154,0.8,0.0,0.0,0.39795918367346933,0.0,1.0,1.0,0.0,1.0,0.0,0.0,1.0,0.0,1.0,1.0,0.0,0.0,1.0,1
289,0.4520547945205479,0.12285850559665519,0.2,0.0,0.0,0.39795918367346933,0.0,0.0,1.0,0.0,0.0,0.0,1.0,0.0,0.0,0.0,0.0,1.0,0.0,0.0,1
290,,,,,,,,,,,,,,,,,,,,,0
291,,,,,,,,,,,,,,,,,,,,,0
292,,,,,,,,,,,,,,,,,,,,,0
293,,,,,,,,,,,,,,,,,,,,,0
294,,,,,,,,,,,,,,,,,,,,,0
295,0.6575342465753424,0.06684865521288938,0.5333333333333333,0.0,0.0,0.15959183673469393,0.0,1.0,1.0,0.0,0.0,0.0,1.0,0.0,0.0,0.0,0.0,1.0,0.0,1.0,1
296,0.27397260273972607,0.030538219286050133,0.8,0.0,0.0,0.6020408163265305,1.0,0.0,1.0,0.0,0.0,1.0,0.0,1.0,0.0,1.0,1.0,0.0,0.0,1.0,1
297,,,,,,,,,,,,,,,,,,,,,0
298,,,,,,,,,,,,,,,,,,,,,0
299,,,,,,,,,,,,,,,,,,,,,0
300,,,,,,,,,,,,,,,,,,,,,0
301,,,,,,,,,,,,,,,,,,,,,0
302,0.1917808219178082,0.13880855007898574,0.5406666666666662,0.0,0.0,0.44897959183673464,0.0,1.0,1.0,0.0,0.0,0.0,1.0,0.0,0.0,1.0,0.0,1.0,0.0,0.0,1
303,,,,,,,,,,,,,,,,,,,,,0
304,0.0958904109589041,0.19687980975769814,0.6,0.0,0.0,0.39795918367346933,0.0,1.0,1.0,0.0,1.0,0.0,0.0,1.0,1.0,0.0,1.0,0.0,0.0,0.0,1
305,,,,,,,,,,,,,,,,,,,,,0
306,,,,,,,,,,,,,,,,,,,,,0
307,0.3972602739726027,0.04789681452390375,0.7333333333333334,0.0,0.0,0.32653061224489793,0.0,1.0,1.0,0.0,1.0,0.0,0.0,1.0,0.0,1.0,1.0,0.0,0.0,1.0,1
308,0.2465753424657534,0.12281182451974305,0.7399999999999993,0.0015024150241502415,0.0,0.39795918367346933,0.0,1.0,1.0,0.0,1.0,0.0,1.0,0.0,0.0,1.0,0.0,1.0,0.0,1.0,1
309,0.32876712328767127,0.015358750841443324,0.6,0.0,0.0,0.5408163265306122,0.0,0.0,1.0,0.0,0.0,0.0,1.0,0.0,0.0,1.0,0.0,1.0,0.0,1.0,1
310,,,,,,,,,,,,,,,,,,,,,0
311,,,,,,,,,,,,,,,,,,,,,0
312,,,,,,,,,,,,,,,,,,,,,0
313,0.2602739726027397,0.13078955291029454,0.8,0.0,0.0,0.39795918367346933,1.0,0.0,1.0,1.0,1.0,0.0,0.0,1.0,0.0,0.0,1.0,0.0,0.0,1.0,1
314,,,,,,,,,,,,,,,,,,,,,0
315,,,,,,,,,,,,,,,,,,,,,0
316,0.821917808219178,0.0855339401873332,0.6,0.0,0.0,0.39795918367346933,0.0,0.0,1.0,0.0,0.0,1.0,1.0,0.0,0.0,1.0,0.0,1.0,0.0,1.0,1
317,,,,,,,,,,,,,,,,,,,,,0
318,,,,,,,,,,,,,,,,,,,,,0
319,,,,,,,,,,,,,,,,,,,,,0
320,0.30136986301369856,0.10961461050053616,0.5333333333333333,0.0,0.0,0.39795918367346933,1.0,0.0,1.0,0.0,1.0,0.0,1.0,0.0,0.0,0.0,0.0,1.0,0.0,1.0,1
321,,,,,,,,,,,,,,,,,,,,,0
322,,,,,,,,,,,,,,,,,,,,,0
323,,,,,,,,,,,,,,,,,,,,,0
324,,,,,,,,,,,,,,,,,,,,,0
325,0.6301369863013697,0.044717765532451804,0.5406666666666662,0.0015024150241502415,0.0,0.45346938775510226,0.0,0.0,1.0,0.0,0.0,1.0,1.0,0.0,0.0,1.0,0.0,1.0,0.0,1.0,1
326,,,,,,,,,,,,,,,,,,,,,0
327,,,,,,,,,,,,,,,,,,,,,0
328,0.5616438356164384,0.20897291482733077,0.5333333333333333,0.0,0.0,0.39795918367346933,1.0,0.0,1.0,0.0,0.0,1.0,1.0,0.0,0.0,1.0,0.0,1.0,0.0,0.0,1
329,,,,,,,,,,,,,,,,,,,,,0
330,,,,,,,,,,,,,,,,,,,,,0
331,,,,,,,,,,,,,,,,,,,,,0
332,,,,,,,,,,,,,,,,,,,,,0
333,0.5205479452054793,0.058358111513650834,0.33333333333333337,0.0,0.0,0.39795918367346933,0.0,0.0,1.0,0.0,1.0,0.0,1.0,0.0,0.0,0.0,0.0,1.0,0.0,1.0,1
334,0.4931506849315069,0.15582075819540428,0.5406666666666662,0.0,0.0,0.39795918367346933,0.0,1.0,1.0,0.0,0.0,1.0,1.0,0.0,0.0,0.0,0.0,1.0,0.0,1.0,1
335,,,,,,,,,,,,,,,,,,,,,0
336,,,,,,,,,,,,,,,,,,,,,0
337,0.4383561643835617,0.03985481508542975,0.8666666666666667,0.0,0.0,0.6020408163265305,0.0,1.0,1.0,1.0,1.0,0.0,0.0,1.0,0.0,1.0,0.0,1.0,0.0,1.0,1
338,,,,,,,,,,,,,,,,,,,,,0
339,0.3835616438356165,0.168394881318436,0.5333333333333333,0.0,0.0,0.39795918367346933,0.0,1.0,1.0,0.0,1.0,1.0,1.0,0.0,0.0,0.0,0.0,1.0,0.0,1.0,1
340,,,,,,,,,,,,,,,,,,,,,0
341,,,,,,,,,,,,,,,,,,,,,0
342,,,,,,,,,,,,,,,,,,,,,0
343,,,,,,,,,,,,,,,,,,,,,0
344,,,,,,,,,,,,,,,,,,,,,0
345,,,,,,,,,,,,,,,,,,,,,0
346,,,,,,,,,,,,,,,,,,,,,0
347,,,,,,,,,,,,,,,,,,,,,0
348,,,,,,,,,,,,,,,,,,,,,0
349,,,,,,,,,,,,,,,,,,,,,0
350,,,,,,,,,,,,,,,,,,,,,0
351,0.1232876712328767,0.12176116202054645,0.5333333333333333,0.0,0.0,0.39795918367346933,0.0,1.0,1.0,0.0,0.0,1.0,1.0,0.0,0.0,0.0,0.0,1.0,0.0,0.0,1
352,,,,,,,,,,,,,,,,,,,,,0
353,,,,,,,,,,,,,,,,,,,,,0
354,,,,,,,,,,,,,,,,,,,,,0
355,0.2876712328767123,0.05625205075383173,0.5406666666666662,0.0015024150241502415,0.0,0.39795918367346933,1.0,0.0,1.0,0.0,1.0,0.0,1.0,0.0,0.0,0.0,0.0,1.0,0.0,1.0,1
356,,,,,,,,,,,,,,,,,,,,,0
357,0.3150684931506849,0.05672359728437909,0.6666666666666666,0.0,0.0,0.39795918367346933,0.0,1.0,1.0,0.0,0.0,1.0,1.0,0.0,0.0,0.0,0.0,1.0,0.0,1.0,1
358,0.3424657534246575,0.06742641810684553,0.5333333333333333,0.0,0.0,0.346938775510204,0.0,0.0,1.0,0.0,1.0,0.0,0.0,1.0,0.0,1.0,1.0,0.0,0.0,1.0,1
359,,,,,,,,,,,,,,,,,,,,,0
360,,,,,,,,,,,,,,,,,,,,,0
361,,,,,,,,,,,,,,,,,,,,,0
362,,,,,,,,,,,,,,,,,,,,,0
363,0.35616438356164376,0.10979524597206577,0.8,0.0,0.3590449954086318,0.44897959183673464,0.0,1.0,1.0,1.0,1.0,0.0,0.0,1.0,0.0,1.0,0.0,1.0,0.0,1.0,1
364,,,,,,,,,,,,,,,,,,,,,0
365,0.1506849315068493,0.05410742736525913,0.5333333333333333,0.0,0.0,0.39795918367346933,0.0,1.0,1.0,0.0,0.0,1.0,1.0,0.0,0.0,0.0,0.0,1.0,0.0,0.0,1
366,0.5342465753424657,0.1155498726418445,0.6,0.0,0.0,0.44897959183673464,0.0,0.0,1.0,0.0,0.0,1.0,1.0,0.0,0.0,1.0,0.0,1.0,0.0,1.0,1
367,,,,,,,,,,,,,,,,,,,,,0
368,0.547945205479452,0.13541774489806274,0.8,0.0,0.0,0.44897959183673464,0.0,1.0,1.0,1.0,1.0,0.0,0.0,1.0,0.0,1.0,1.0,0.0,0.0,1.0,1
369,,,,,,,,,,,,,,,,,,,,,0
370,,,,,,,,,,,,,,,,,,,,,0
371,,,,,,,,,,,,,,,,,,,,,0
372,0.3150684931506849,0.11618378813556454,0.6666666666666666,0.0,0.0,0.37755102040816324,0.0,0.0,1.0,0.0,1.0,0.0,1.0,0.0,0.0,1.0,0.0,1.0,0.0,1.0,1
373,0.3835616438356165,0.1653213721530463,0.5333333333333333,0.0,0.0,0.39795918367346933,0.0,1.0,1.0,0.0,1.0,0.0,1.0,0.0,0.0,0.0,0.0,1.0,0.0,1.0,1
374,,,,,,,,,,,,,,,,,,,,,0
375,,,,,,,,,,,,,,,,,,,,,0
376,0.2191780821917808,0.17259753131522243,0.5333333333333333,0.0015024150241502415,0.0,0.39795918367346933,0.0,0.0,1.0,0.0,0.0,0.0,0.0,1.0,0.0,1.0,1.0,0.0,0.0,1.0,1
377,,,,,,,,,,,,,,,,,,,,,0
378,0.3972602739726027,0.04643008155657712,0.8666666666666667,0.0,0.0,0.2959183673469387,0.0,0.0,0.0,0.0,1.0,0.0,0.0,1.0,0.0,1.0,0.0,1.0,0.0,1.0,1
379,0.2876712328767123,0.10868031242494663,0.5333333333333333,0.0,0.0,0.5,0.0,1.0,1.0,0.0,1.0,1.0,1.0,0.0,0.0,0.0,0.0,1.0,0.0,1.0,1
380,,,,,,,,,,,,,,,,,,,,,0
381,,,,,,,,,,,,,,,,,,,,,0
382,0.1095890410958904,0.2250880344222202,0.6013333333333328,0.0,0.0,0.39795918367346933,0.0,1.0,1.0,0.0,1.0,1.0,1.0,0.0,0.0,0.0,0.0,1.0,0.0,1.0,1
383,,,,,,,,,,,,,,,,,,,,,0
384,0.2602739726027397,0.07206626128548861,0.6,0.0015024150241502415,0.00459366391184573,0.40204081632653077,1.0,0.0,1.0,0.0,0.0,1.0,0.0,1.0,0.0,1.0,1.0,0.0,0.0,0.0,1
385,,,,,,,,,,,,,,,,,,,,,0
386,,,,,,,,,,,,,,,,,,,,,0
387,,,,,,,,,,,,,,,,,,,,,0
388,,,,,,,,,,,,,,,,,,,,,0
389,,,,,,,,,,,,,,,,,,,,,0
390,0.2465753424657534,0.14059325559919222,0.5406666666666662,0.0,0.0,0.39795918367346933,0.0,0.0,1.0,0.0,0.0,0.0,0.0,1.0,0.0,1.0,1.0,0.0,0.0,1.0,1
391,,,,,,,,,,,,,,,,,,,,,0
392,,,,,,,,,,,,,,,,,,,,,0
393,,,,,,,,,,,,,,,,,,,,,0
394,,,,,,,,,,,,,,,,,,,,,0
395,0.3698630136986301,0.06987074753994107,0.6,0.0,0.0,0.39795918367346933,0.0,1.0,1.0,0.0,0.0,1.0,1.0,0.0,0.0,1.0,0.0,1.0,0.0,0.0,1
396,,,,,,,,,,,,,,,,,,,,,0
397,,,,,,,,,,,,,,,,,,,,,0
398,,,,,,,,,,,,,,,,,,,,,0
399,,,,,,,,,,,,,,,,,,,,,0
400,,,,,,,,,,,,,,,,,,,,,0
401,,,,,,,,,,,,,,,,,,,,,0
402,0.4520547945205479,0.18677031218815857,0.8,0.0,0.0,0.39795918367346933,0.0,0.0,1.0,0.0,0.0,1.0,1.0,0.0,0.0,1.0,0.0,1.0,0.0,1.0,1
403,,,,,,,,,,,,,,,,,,,,,0
404,0.1506849315068493,0.10431935268906681,0.2,0.0,0.5002295684113865,0.39795918367346933,0.0,1.0,1.0,0.0,0.0,1.0,1.0,0.0,0.0,0.0,0.0,1.0,0.0,0.0,1
405,,,,,,,,,,,,,,,,,,,,,0
406,0.1506849315068493,0.06620594473366416,0.5406666666666662,0.0,0.0,0.39795918367346933,0.0,1.0,1.0,0.0,1.0,0.0,1.0,0.0,0.0,0.0,0.0,1.0,0.0,1.0,1
407,0.3972602739726027,0.20632224150353662,0.5333333333333333,0.0,0.0,0.24489795918367346,0.0,0.0,1.0,0.0,0.0,1.0,1.0,0.0,0.0,0.0,0.0,1.0,0.0,1.0,1
408,0.1506849315068493,0.07500228331354461,0.6,0.0,0.4331955922865014,0.39795918367346933,0.0,0.0,1.0,0.0,0.0,1.0,0.0,1.0,0.0,1.0,1.0,0.0,0.0,1.0,1
409,0.2054794520547945,0.238392817879529,0.6,0.0,0.0,0.5,0.0,0.0,1.0,0.0,1.0,0.0,1.0,0.0,0.0,1.0,0.0,1.0,0.0,1.0,1
410,,,,,,,,,,,,,,,,,,,,,0
411,,,,,,,,,,,,,,,,,,,,,0
412,,,,,,,,,,,,,,,,,,,,,0
413,,,,,,,,,,,,,,,,,,,,,0
414,0.1917808219178082,0.6907020089776507,0.6,0.0,0.0,0.39795918367346933,0.0,0.0,1.0,0.0,1.0,0.0,1.0,0.0,0.0,1.0,0.0,1.0,0.0,1.0,1
415,,,,,,,,,,,,,,,,,,,,,0
416,0.4794520547945205,0.12074635600071713,0.13333333333333336,0.0,0.0,0.39795918367346933,0.0,0.0,1.0,0.0,1.0,0.0,1.0,0.0,0.0,0.0,0.0,1.0,0.0,0.0,1
417,,,,,,,,,,,,,,,,,,,,,0
418,,,,,,,,,,,,,,,,,,,,,0
419,,,,,,,,,,,,,,,,,,,,,0
420,,,,,,,,,,,,,,,,,,,,,0
421,,,,,,,,,,,,,,,,,,,,,0
422,,,,,,,,,,,,,,,,,,,,,0
423,,,,,,,,,,,,,,,,,,,,,0
424,,,,,,,,,,,,,,,,,,,,,0
425,0.1095890410958904,0.08192055421939429,0.5333333333333333,0.0,0.0,0.6020408163265305,0.0,1.0,1.0,0.0,1.0,1.0,1.0,0.0,0.0,0.0,0.0,1.0,0.0,1.0,1
426,0.2602739726027397,0.1643349807017722,0.869999999999999,0.0015024150241502415,0.32615013774104684,0.40204081632653077,0.0,0.0,0.0,1.0,1.0,0.0,0.0,1.0,0.0,1.0,0.0,1.0,0.0,1.0,1
427,,,,,,,,,,,,,,,,,,,,,0
428,0.6301369863013697,0.14207554892548957,0.5333333333333333,0.0,0.0,0.39795918367346933,0.0,0.0,1.0,0.0,1.0,0.0,1.0,0.0,0.0,1.0,0.0,1.0,0.0,1.0,1
429,,,,,,,,,,,,,,,,,,,,,0
430,,,,,,,,,,,,,,,,,,,,,0
431,,,,,,,,,,,,,,,,,,,,,0
432,0.3150684931506849,0.1297808357265842,0.8,0.021740217402174022,0.0,0.39795918367346933,1.0,0.0,1.0,1.0,1.0,0.0,0.0,1.0,0.0,1.0,1.0,0.0,0.0,1.0,1
433,0.1780821917808219,0.011756189471049274,0.7399999999999993,0.0015024150241502415,0.0,0.24775510204081644,0.0,1.0,1.0,0.0,0.0,0.0,0.0,0.0,0.0,1.0,1.0,0.0,0.0,1.0,1
434,,,,,,,,,,,,,,,,,,,,,0
435,,,,,,,,,,,,,,,,,,,,,0
436,,,,,,,,,,,,,,,,,,,,,0
437,,,,,,,,,,,,,,,,,,,,,0
438,0.0821917808219178,0.04667837076276203,0.6,0.0,0.0,0.39795918367346933,0.0,1.0,1.0,0.0,1.0,0.0,1.0,0.0,0.0,0.0,0.0,1.0,0.0,1.0,1
439,,,,,,,,,,,,,,,,,,,,,0
440,,,,,,,,,,,,,,,,,,,,,0
441,,,,,,,,,,,,,,,,,,,,,0
442,,,,,,,,,,,,,,,,,,,,,0
443,0.3698630136986301,0.07059464250075265,0.6,0.0,0.0,0.39795918367346933,0.0,0.0,1.0,0.0,1.0,0.0,1.0,0.0,0.0,1.0,0.0,1.0,0.0,1.0,1
444,,,,,,,,,,,,,,,,,,,,,0
445,,,,,,,,,,,,,,,,,,,,,0
446,,,,,,,,,,,,,,,,,,,,,0
447,0.46575342465753417,0.030193861776654722,0.5333333333333333,0.0,0.0,0.39795918367346933,0.0,1.0,1.0,0.0,1.0,1.0,1.0,0.0,0.0,0.0,0.0,1.0,0.0,1.0,1
448,0.0410958904109589,0.09082716838676287,0.5333333333333333,0.0,0.0,0.39795918367346933,0.0,0.0,1.0,0.0,1.0,0.0,1.0,0.0,0.0,0.0,0.0,1.0,0.0,1.0,1
449,,,,,,,,,,,,,,,,,,,,,0
450,,,,,,,,,,,,,,,,,,,,,0
451,0.3835616438356165,0.1251912063675695,0.6,0.0,0.0,0.5510204081632653,0.0,0.0,1.0,0.0,0.0,1.0,1.0,0.0,0.0,1.0,0.0,1.0,0.0,1.0,1
452,0.5890410958904109,0.15748233391853814,0.5333333333333333,0.0,0.0,0.39795918367346933,0.0,1.0,1.0,0.0,0.0,1.0,1.0,0.0,0.0,0.0,0.0,1.0,0.0,1.0,1
453,0.3424657534246575,0.1253610172415543,0.7399999999999993,0.0,0.0,0.39795918367346933,0.0,1.0,1.0,0.0,1.0,0.0,1.0,0.0,1.0,0.0,0.0,1.0,0.0,1.0,1
454,0.3698630136986301,0.15059721334266957,0.5406666666666662,0.0,0.0,0.39795918367346933,1.0,0.0,1.0,0.0,0.0,1.0,0.0,1.0,0.0,1.0,1.0,0.0,0.0,0.0,1
455,0.3150684931506849,0.04099951627579721,0.6666666666666666,0.0,0.0,0.39795918367346933,0.0,1.0,1.0,0.0,1.0,0.0,1.0,0.0,0.0,0.0,0.0,1.0,0.0,1.0,1
456,0.1780821917808219,0.11371848604472588,0.5333333333333333,0.0015024150241502415,0.0,0.39795918367346933,0.0,0.0,1.0,0.0,1.0,0.0,0.0,1.0,0.0,1.0,1.0,0.0,0.0,1.0,1
457,0.2876712328767123,0.22935563200427572,0.6,0.0,0.0,0.5,0.0,1.0,1.0,0.0,0.0,1.0,1.0,0.0,0.0,0.0,0.0,1.0,0.0,1.0,1
458,0.0821917808219178,0.02822987385961173,0.5333333333333333,0.0015024150241502415,0.0,0.6020408163265305,0.0,1.0,1.0,0.0,1.0,1.0,1.0,0.0,0.0,0.0,0.0,1.0,0.0,1.0,1
459,0.2054794520547945,0.06999455387436025,0.6,0.0,0.0,0.39795918367346933,0.0,1.0,1.0,0.0,1.0,1.0,1.0,0.0,0.0,0.0,0.0,1.0,0.0,1.0,1
460,,,,,,,,,,,,,,,,,,,,,0
461,0.5068493150684932,0.18708963781573154,0.5333333333333333,0.0,0.0,0.39795918367346933,0.0,0.0,1.0,0.0,0.0,1.0,1.0,0.0,0.0,0.0,0.0,1.0,0.0,1.0,1
462,,,,,,,,,,,,,,,,,,,,,0
463,,,,,,,,,,,,,,,,,,,,,0
464,,,,,,,,,,,,,,,,,,,,,0
465,0.27397260273972607,0.07741143280461939,0.5333333333333333,0.0,0.0,0.6020408163265305,0.0,1.0,1.0,0.0,1.0,0.0,1.0,1.0,0.0,1.0,1.0,0.0,0.0,1.0,1
466,,,,,,,,,,,,,,,,,,,,,0
467,0.2876712328767123,0.01467950734550424,0.6,0.0,0.0,0.39795918367346933,0.0,1.0,1.0,0.0,1.0,1.0,1.0,0.0,0.0,0.0,0.0,1.0,0.0,1.0,1
468,,,,,,,,,,,,,,,,,,,,,0
469,0.1780821917808219,0.07189291766878761,0.8,0.0,0.0,0.1530612244897959,0.0,1.0,1.0,0.0,0.0,1.0,0.0,1.0,0.0,1.0,1.0,0.0,0.0,0.0,1
470,,,,,,,,,,,,,,,,,,,,,0
471,,,,,,,,,,,,,,,,,,,,,0
472,,,,,,,,,,,,,,,,,,,,,0
473,,,,,,,,,,,,,,,,,,,,,0
474,,,,,,,,,,,,,,,,,,,,,0
475,0.3972602739726027,0.18057525970577393,0.8,0.0,0.0,0.39795918367346933,0.0,1.0,1.0,0.0,0.0,1.0,0.0,1.0,0.0,1.0,1.0,0.0,0.0,1.0,1
476,,,,,,,,,,,,,,,,,,,,,0
477,,,,,,,,,,,,,,,,,,,,,0
478,,,,,,,,,,,,,,,,,,,,,0
479,,,,,,,,,,,,,,,,,,,,,0
480,0.2191780821917808,0.0672890810254953,0.7333333333333334,0.0,0.0,0.44897959183673464,0.0,1.0,1.0,0.0,0.0,1.0,1.0,0.0,0.0,1.0,0.0,1.0,0.0,0.0,1
481,0.35616438356164376,0.107187871038451,0.6,0.0,0.0,0.19387755102040813,0.0,0.0,1.0,0.0,0.0,1.0,1.0,0.0,0.0,0.0,0.0,1.0,0.0,1.0,1
482,,,,,,,,,,,,,,,,,,,,,0
483,,,,,,,,,,,,,,,,,,,,,0
484,,,,,,,,,,,,,,,,,,,,,0
485,,,,,,,,,,,,,,,,,,,,,0
486,0.6301369863013697,0.26333945599631964,0.06666666666666667,0.0,0.0,0.346938775510204,0.0,0.0,1.0,0.0,1.0,0.0,1.0,0.0,0.0,0.0,0.0,1.0,0.0,0.0,1
487,0.5753424657534245,0.18583263142583628,0.5406666666666662,0.0,0.0,0.45346938775510226,0.0,0.0,1.0,0.0,0.0,1.0,1.0,0.0,0.0,1.0,0.0,1.0,0.0,1.0,1
488,0.3835616438356165,0.10292974497924721,0.8,0.0,0.0,0.39795918367346933,0.0,0.0,1.0,1.0,1.0,0.0,0.0,1.0,0.0,1.0,1.0,0.0,0.0,1.0,1
489,,,,,,,,,,,,,,,,,,,,,0
490,,,,,,,,,,,,,,,,,,,,,0
491,,,,,,,,,,,,,,,,,,,,,0
492,0.2465753424657534,0.013486772003531525,0.7333333333333334,0.0,0.0,0.6020408163265305,0.0,1.0,1.0,1.0,1.0,0.0,1.0,1.0,0.0,1.0,1.0,0.0,0.0,1.0,1
493,,,,,,,,,,,,,,,,,,,,,0
494,,,,,,,,,,,,,,,,,,,,,0
495,,,,,,,,,,,,,,,,,,,,,0
496,,,,,,,,,,,,,,,,,,,,,0
497,,,,,,,,,,,,,,,,,,,,,0
498,,,,,,,,,,,,,,,,,,,,,0
499,0.7534246575342465,0.19707735866289158,0.5333333333333333,0.0,0.0,0.19387755102040813,0.0,0.0,1.0,0.0,1.0,0.0,1.0,0.0,0.0,1.0,0.0,1.0,0.0,1.0,1
